date,above_20,below_20,counted_20,above_50,below_50,counted_50
2025-01-02,12.22,87.78,499,20.44,79.56,499
2025-01-03,24.45,75.55,499,26.85,73.15,499
2025-01-06,29.66,70.34,499,26.45,73.55,499
2025-01-07,29.66,70.34,499,26.45,73.55,499
2025-01-08,36.67,63.33,499,27.25,72.75,499
2025-01-10,21.44,78.56,499,18.64,81.36,499
2025-01-13,29.86,70.14,499,20.84,79.16,499
2025-01-14,44.69,55.31,499,26.65,73.35,499
2025-01-15,58.72,41.28,499,34.07,65.93,499
2025-01-16,68.14,31.86,499,39.68,60.32,499
2025-01-17,74.75,25.25,499,43.69,56.31,499
2025-01-21,82.77,17.23,499,54.91,45.09,499
2025-01-22,76.95,23.05,499,51.30,48.70,499
2025-01-23,78.96,21.04,499,54.71,45.29,499
2025-01-24,79.56,20.44,499,54.71,45.29,499
2025-01-27,80.96,19.04,499,62.32,37.68,499
2025-01-28,74.35,25.65,499,55.91,44.09,499
2025-01-29,70.74,29.26,499,52.71,47.29,499
2025-01-30,77.15,22.85,499,58.52,41.48,499
2025-01-31,70.34,29.66,499,52.91,47.09,499
2025-02-03,63.53,36.47,499,49.30,50.70,499
2025-02-04,62.73,37.27,499,49.90,50.10,499
2025-02-05,65.73,34.27,499,54.91,45.09,499
2025-02-06,61.92,38.08,499,55.11,44.89,499
2025-02-07,56.51,43.49,499,52.71,47.29,499
2025-02-10,55.31,44.69,499,53.51,46.49,499
2025-02-11,52.71,47.29,499,55.11,44.89,499
2025-02-12,45.49,54.51,499,50.30,49.70,499
2025-02-13,50.70,49.30,499,57.11,42.89,499
2025-02-14,49.50,50.50,499,56.91,43.09,499
2025-02-18,55.11,44.89,499,60.12,39.88,499
2025-02-19,57.31,42.69,499,60.92,39.08,499
2025-02-20,53.91,46.09,499,59.52,40.48,499
2025-02-21,44.09,55.91,499,53.71,46.29,499
2025-02-24,45.49,54.51,499,54.51,45.49,499
2025-02-25,47.70,52.30,499,53.51,46.49,499
2025-02-26,45.49,54.51,499,53.71,46.29,499
2025-02-27,40.48,59.52,499,49.30,50.70,499
2025-02-28,51.10,48.90,499,54.71,45.29,499
2025-03-03,43.49,56.51,499,47.09,52.91,499
2025-03-04,33.67,66.33,499,40.88,59.12,499
2025-03-05,39.08,60.92,499,45.29,54.71,499
2025-03-06,34.87,65.13,499,41.48,58.52,499
2025-03-07,41.08,58.92,499,45.89,54.11,499
2025-03-10,37.88,62.12,499,40.48,59.52,499
2025-03-11,25.65,74.35,499,32.26,67.74,499
2025-03-12,17.64,82.36,499,30.06,69.94,499
2025-03-13,17.20,82.80,500,26.85,73.15,499
2025-03-14,27.40,72.60,500,32.67,67.33,499
2025-03-17,40.80,59.20,500,38.28,61.72,499
2025-03-18,36.00,64.00,500,36.47,63.53,499
2025-03-19,41.60,58.40,500,40.08,59.92,499
2025-03-20,41.60,58.40,500,37.88,62.12,499
2025-03-21,34.40,65.60,500,33.67,66.33,499
2025-03-24,55.20,44.80,500,39.68,60.32,499
2025-03-25,56.40,43.60,500,40.28,59.72,499
2025-03-26,56.40,43.60,500,42.08,57.92,499
2025-03-27,50.80,49.20,500,39.48,60.52,499
2025-03-28,36.60,63.40,500,34.07,65.93,499
2025-03-31,50.60,49.40,500,38.68,61.32,499
2025-04-01,52.00,48.00,500,40.08,59.92,499
2025-04-02,62.40,37.60,500,41.48,58.52,499
2025-04-03,29.00,71.00,500,30.86,69.14,499
2025-04-04,5.40,94.60,500,11.42,88.58,499
2025-04-07,2.40,97.60,500,6.81,93.19,499
2025-04-08,2.20,97.80,500,5.81,94.19,499
2025-04-09,19.60,80.40,500,15.43,84.57,499
2025-04-10,10.20,89.80,500,14.43,85.57,499
2025-04-11,21.20,78.80,500,18.84,81.16,499
2025-04-14,30.80,69.20,500,24.65,75.35,499
2025-04-15,29.60,70.40,500,24.85,75.15,499
2025-04-16,21.00,79.00,500,20.84,79.16,499
2025-04-17,27.40,72.60,500,24.05,75.95,499
2025-04-21,14.40,85.60,500,15.43,84.57,499
2025-04-22,36.20,63.80,500,23.85,76.15,499
2025-04-23,50.60,49.40,500,27.66,72.34,499
2025-04-24,72.40,27.60,500,34.27,65.73,499
2025-04-25,70.40,29.60,500,34.40,65.60,500
2025-04-28,76.20,23.80,500,36.60,63.40,500
2025-04-29,83.80,16.20,500,42.00,58.00,500
2025-04-30,83.60,16.40,500,44.20,55.80,500
2025-05-01,80.80,19.20,500,43.60,56.40,500
2025-05-02,90.20,9.80,500,59.00,41.00,500
2025-05-05,83.80,16.20,500,57.20,42.80,500
2025-05-06,78.40,21.60,500,54.00,46.00,500
2025-05-07,77.80,22.20,500,57.80,42.20,500
2025-05-08,79.60,20.40,500,63.00,37.00,500
2025-05-09,77.40,22.60,500,64.60,35.40,500
2025-05-12,81.40,18.60,500,74.20,25.80,500
2025-05-13,77.60,22.40,500,72.20,27.80,500
2025-05-14,72.40,27.60,500,67.40,32.60,500
2025-05-15,81.40,18.60,500,76.20,23.80,500
2025-05-16,87.40,12.60,500,81.60,18.40,500
2025-05-19,89.00,11.00,500,81.60,18.40,500
2025-05-20,86.60,13.40,500,81.60,18.40,500
2025-05-21,63.40,36.60,500,69.20,30.80,500
2025-05-22,57.40,42.60,500,65.60,34.40,500
2025-05-23,53.60,46.40,500,64.80,35.20,500
2025-05-27,72.60,27.40,500,75.80,24.20,500
2025-05-28,59.20,40.80,500,68.60,31.40,500
2025-05-29,64.80,35.20,500,70.60,29.40,500
2025-05-30,60.60,39.40,500,73.40,26.60,500
2025-06-02,56.40,43.60,500,72.20,27.80,500
2025-06-03,66.60,33.40,500,74.40,25.60,500
2025-06-04,57.40,42.60,500,73.80,26.20,500
2025-06-05,50.80,49.20,500,71.00,29.00,500
2025-06-06,64.40,35.60,500,75.80,24.20,500
2025-06-09,61.00,39.00,500,76.60,23.40,500
2025-06-10,67.80,32.20,500,80.00,20.00,500
2025-06-11,62.20,37.80,500,78.80,21.20,500
2025-06-12,65.40,34.60,500,81.20,18.80,500
2025-06-13,42.40,57.60,500,75.00,25.00,500
2025-06-16,56.80,43.20,500,77.00,23.00,500
2025-06-17,41.40,58.60,500,70.60,29.40,500
2025-06-18,47.80,52.20,500,67.80,32.20,500
2025-06-20,49.40,50.60,500,68.60,31.40,500
2025-06-23,60.20,39.80,500,74.60,25.40,500
2025-06-24,71.00,29.00,500,77.80,22.20,500
2025-06-25,58.60,41.40,500,70.00,30.00,500
2025-06-26,64.80,35.20,500,72.80,27.20,500
2025-06-27,69.40,30.60,500,74.20,25.80,500
2025-06-30,74.80,25.20,500,76.40,23.60,500
2025-07-01,84.20,15.80,500,83.00,17.00,500
2025-07-02,79.20,20.80,500,78.60,21.40,500
2025-07-03,82.60,17.40,500,81.00,19.00,500
2025-07-07,75.80,24.20,500,76.20,23.80,500
2025-07-08,75.60,24.40,500,75.40,24.60,500
2025-07-09,76.40,23.60,500,75.40,24.60,500
2025-07-10,76.80,23.20,500,76.40,23.60,500
2025-07-11,69.20,30.80,500,71.00,29.00,500
2025-07-14,72.00,28.00,500,73.60,26.40,500
2025-07-15,50.60,49.40,500,63.40,36.60,500
2025-07-16,56.20,43.80,500,66.20,33.80,500
2025-07-17,62.80,37.20,500,69.40,30.60,500
2025-07-18,60.60,39.40,500,70.20,29.80,500
2025-07-21,53.80,46.20,500,66.20,33.80,500
2025-07-22,69.00,31.00,500,75.80,24.20,500
2025-07-23,75.00,25.00,500,78.20,21.80,500
2025-07-24,69.20,30.80,500,74.20,25.80,500
2025-07-25,70.80,29.20,500,76.20,23.80,500
2025-07-28,62.40,37.60,500,70.20,29.80,500
2025-07-29,61.80,38.20,500,69.40,30.60,500
2025-07-30,49.80,50.20,500,63.80,36.20,500
2025-07-31,41.60,58.40,500,59.60,40.40,500
2025-08-01,37.60,62.40,500,52.20,47.80,500
2025-08-04,48.20,51.80,500,56.80,43.20,500
2025-08-05,43.40,56.60,500,56.60,43.40,500
2025-08-06,43.80,56.20,500,53.80,46.20,500
2025-08-07,45.60,54.40,500,56.20,43.80,500
2025-08-08,50.00,50.00,500,58.80,41.20,500
2025-08-11,47.20,52.80,500,56.40,43.60,500
2025-08-12,58.00,42.00,500,62.40,37.60,500
2025-08-13,66.20,33.80,500,67.40,32.60,500
2025-08-14,58.60,41.40,500,63.80,36.20,500
2025-08-15,51.80,48.20,500,60.80,39.20,500
2025-08-18,52.20,47.80,500,60.80,39.20,500
2025-08-19,59.80,40.20,500,65.40,34.60,500
2025-08-20,62.60,37.40,500,65.20,34.80,500
2025-08-21,58.40,41.60,500,62.60,37.40,500
2025-08-22,78.00,22.00,500,72.80,27.20,500
2025-08-25,68.00,32.00,500,66.40,33.60,500
2025-08-26,69.20,30.80,500,66.00,34.00,500
2025-08-27,72.60,27.40,500,67.60,32.40,500
2025-08-28,68.60,31.40,500,66.40,33.60,500
2025-08-29,68.00,32.00,500,65.40,34.60,500
2025-09-02,54.60,45.40,500,59.60,40.40,500
2025-09-03,53.00,47.00,500,58.40,41.60,500
2025-09-04,59.00,41.00,500,60.60,39.40,500
2025-09-05,55.60,44.40,500,60.40,39.60,500
2025-09-08,56.60,43.40,500,61.00,39.00,500
2025-09-09,49.20,50.80,500,59.40,40.60,500
2025-09-10,44.00,56.00,500,57.60,42.40,500
2025-09-11,63.60,36.40,500,66.00,34.00,500
2025-09-12,55.20,44.80,500,62.40,37.60,500
2025-09-15,49.80,50.20,500,58.00,42.00,500
2025-09-16,41.40,58.60,500,54.00,46.00,500
2025-09-17,45.80,54.20,500,56.60,43.40,500
2025-09-18,52.40,47.60,500,59.00,41.00,500
2025-09-19,49.40,50.60,500,59.40,40.60,500
2025-09-22,49.00,51.00,500,57.20,42.80,500
2025-09-23,53.00,47.00,500,60.20,39.80,500
2025-09-24,49.00,51.00,500,56.40,43.60,500
2025-09-25,41.20,58.80,500,52.20,47.80,500
2025-09-26,54.00,46.00,500,58.20,41.80,500
2025-09-29,55.80,44.20,500,58.20,41.80,500
2025-09-30,59.60,40.40,500,60.60,39.40,500
2025-10-01,57.00,43.00,500,59.20,40.80,500
2025-10-02,57.20,42.80,500,58.80,41.20,500
2025-10-03,61.80,38.20,500,62.40,37.60,500
2025-10-06,57.00,43.00,500,60.20,39.80,500
2025-10-07,52.80,47.20,500,57.60,42.40,500
2025-10-08,53.80,46.20,500,57.60,42.40,500
2025-10-09,46.20,53.80,500,52.40,47.60,500
2025-10-10,29.20,70.80,500,39.20,60.80,500
2025-10-13,36.60,63.40,500,44.60,55.40,500
2025-10-14,43.80,56.20,500,51.00,49.00,500
2025-10-15,44.00,56.00,500,51.00,49.00,500
2025-10-16,35.80,64.20,500,42.00,58.00,500
2025-10-17,42.40,57.60,500,46.40,53.60,500
2025-10-20,54.80,45.20,500,54.00,46.00,500
2025-10-21,60.60,39.40,500,55.60,44.40,500
2025-10-22,51.00,49.00,500,52.00,48.00,500
2025-10-23,57.60,42.40,500,53.60,46.40,500
2025-10-24,58.60,41.40,500,54.20,45.80,500
2025-10-27,63.40,36.60,500,58.20,41.80,500
2025-10-28,50.60,49.40,500,49.40,50.60,500
2025-10-29,37.60,62.40,500,43.40,56.60,500
2025-10-30,36.00,64.00,500,42.80,57.20,500
2025-10-31,40.60,59.40,500,42.40,57.60,500
2025-11-03,37.40,62.60,500,40.40,59.60,500
2025-11-04,35.40,64.60,500,40.40,59.60,500
2025-11-05,40.60,59.40,500,41.60,58.40,500
2025-11-06,38.60,61.40,500,39.80,60.20,500
2025-11-07,45.00,55.00,500,45.20,54.80,500
2025-11-10,49.80,50.20,500,47.60,52.40,500
2025-11-11,55.80,44.20,500,51.20,48.80,500
2025-11-12,56.91,43.09,499,53.51,46.49,499
2025-11-13,47.70,52.30,499,45.89,54.11,499
2025-11-14,43.09,56.91,499,44.49,55.51,499
2025-11-17,32.26,67.74,499,38.08,61.92,499
2025-11-18,33.27,66.73,499,38.88,61.12,499
2025-11-19,30.66,69.34,499,36.87,63.13,499
2025-11-20,28.46,71.54,499,32.46,67.54,499
2025-11-21,47.00,53.00,500,41.68,58.32,499
2025-11-24,49.20,50.80,500,43.29,56.71,499
2025-11-25,64.80,35.20,500,53.31,46.69,499
2025-11-26,71.60,28.40,500,57.92,42.08,499
2025-11-28,78.20,21.80,500,61.32,38.68,499
2025-12-01,68.40,31.60,500,54.11,45.89,499
2025-12-02,65.20,34.80,500,52.91,47.09,499
2025-12-03,68.60,31.40,500,55.51,44.49,499
2025-12-04,66.00,34.00,500,57.31,42.69,499
2025-12-05,62.80,37.20,500,56.51,43.49,499
2025-12-08,57.40,42.60,500,51.10,48.90,499
2025-12-09,52.80,47.20,500,49.10,50.90,499
2025-12-10,61.00,39.00,500,55.91,44.09,499
2025-12-11,70.46,29.54,501,61.52,38.48,499
2025-12-12,66.67,33.33,501,59.72,40.28,499
2025-12-15,67.66,32.34,501,61.92,38.08,499
2025-12-16,60.48,39.52,501,57.92,42.08,499
2025-12-17,57.88,42.12,501,60.12,39.88,499
2025-12-18,58.48,41.52,501,58.52,41.48,499
2025-12-19,56.69,43.31,501,58.32,41.68,499
2025-12-22,63.87,36.13,501,62.73,37.27,499
2025-12-23,61.68,38.32,501,62.93,37.07,499
2025-12-24,66.27,33.73,501,63.33,36.67,499
2025-12-26,66.47,33.53,501,63.93,36.07,499
2025-12-29,67.86,32.14,501,65.73,34.27,499
2025-12-30,64.27,35.73,501,63.13,36.87,499
2025-12-31,43.11,56.89,501,57.52,42.48,499
